[
  {
    "component": "cardHeight",
    "key": "newsHeight",
    "defaultValue": {
      "type": 0,
      "value": 500
    },
    "value": null,
    "min": 150,
    "max": 1200
  },
  {
    "component": "newsDisplay",
    "key": "newsDisplay",
    "defaultValue": {
      "type": 0,
      "dateFormat": 1
    },
    "value": null
  },
  {
    "component": "select",
    "key": "newsColumns",
    "label": "展示列数",
    "multiple": 0,
    "filterable": 0,
    "labelAlias": "label",
    "valueAlias": "value",
    "defaultValue": 1,
    "value": null,
    "datas": [
      {
        "label": "1",
        "value": 1
      },
      {
        "label": "2",
        "value": 2
      },
      {
        "label": "3",
        "value": 3
      }
    ]
  },
  {
    "component": "inputNumber",
    "key": "newsTotal",
    "label": "展示总数",
    "min": 1,
    "max": 30,
    "step": 1,
    "defaultValue": 6,
    "value": null
  }

]