{
  "description": "项目配置文件。",
  "packOptions": {
    "ignore": []
  },
  "setting": {
    "urlCheck": false
  },
  "compileType": "miniprogram",
  "libVersion": "",
  "appid": "touristappid",
  "projectname": "caspApplets",
  "condition": {
    "search": {
      "current": -1,
      "list": []
    },
    "conversation": {
      "current": -1,
      "list": []
    },
    "game": {
      "current": -1,
      "list": []
    },
    "miniprogram": {
      "current": 0,
      "list": [
        {
          "name": "",
          "path": "",
          "query": "",
          "id": 0
        }
      ]
    }
  }
}